Wallet Address,Terkait Aktor,Peran Aktor,Total Transaksi (BTC),Jumlah Transaksi,TxID Terkait Kasus,Tanggal Transaksi,Keterangan
1BoatSLRHtKNngkdXEeobR76b53LETtpyT,BlackAmmoSupplier,Vendor,3.2,12,0x0043abff0a22,2025-05-12,Penerimaan BTC dari anonymX (tanpa escrow)
1L1b8Sh6kNRrzg7wMnZaULoQ2EcDxd1Mzq,anonymX,Pembeli,0.85,3,0x0043abff0a22,2025-05-12,Pembayaran senjata - transaksi langsung
19yfrbBCBfym72wvAexTczqXCGMyZP1oAc,Tidak Diketahui,Tidak Diketahui,5.0,8,-,-,Diduga wallet penampungan (banyak koneksi masuk)
18du2ZqL1ft9pyKVGtdNyzWaFZrpUtDhPr,BlackAmmoSupplier,Vendor,2.1,7,-,2025-05-06,Tercatat menerima BTC dari beberapa pembeli
1DXrU57wQ9fzLvVkmnYyp4eBztRt9Fv1cq,anonymX,Pembeli,0.15,1,-,2025-05-08,Transaksi kecil - dugaan uji transfer
1AAeFx8EtMJ3T6vTrBcs7JqJ4n9wMEvCJ2,AdminNightWolf,Admin,12.45,30,-,-,Terhubung ke wallet escrow sistem (internal marketplace)
